Territory;F-1;F-2;F-3;F-4;F-5;M-1;M-2;M-3;M-4;M-5;Popolazione TOT;Superficie totale (ettari);Superficie totale (Km2);Densità di Popolazione;Altitudine del centro (metri);LOWFLHZ;MEDFLHZ;HIGHFLHZ;LANDATTZAA;MODLHZP1;MEDLHZP2;HIGHLHZP3;VHIGHLHZP4;KILLINJ;ROADACC;N.Veicoli;N.Strutture Ricettive;NTAXP;TAXABINCR;PENSINCR;N.Farmacie;N.Farmaci prescritti;N.Prestazioni erogate;N.Assistibili;Personale Totale SSN;Personale Sanitario SSN;Personale Professionale SSN;Personale Tecnico SSN;Personale Amministrativo SSN;Personale Sanitario SRC;Personale Professionale SRC;Personale Tecnico SRC;Personale Amministrativo SRC;N.Accessi al PS;N.Dimessi Codice Bianco;N.Dimessi Codice Giallo;N.Dimessi Codice Verde;N.Dimessi Codice Rosso;N.Prestazioni PS;Esenzione per invalidità;Esenzione per malattia cronica;Esenzione per malattia rara;Esenzione per reddito;Altre esenzioni;N.Prestazioni ADI;N.Interventi Medico ADI;N.Interventi Infermiere ADI;N.Interventi OSS ADI;N.Interventi Altro ADI;N.Interventi Specialista Sanitario ADI;Uscita per decesso;Dimissione protetta;Dimissione standard;Trasferimento clinico;Pagamenti SS;Incassi SS;Valore Nic comuni;PRVHOSPNHS;PUBHOSP;N.Letti Degenza;N.Letti DH;N.Fumatori;NO2_DAILY_ugm-3;PM2p5_DAILY_ugm-3;PM10_DAILY_ugm-3;TMIN_DAILY_C;TMAX_DAILY_C;RH2MIN_DAILY_%;RH2MAX_DAILY_%;PREC_DAILY_mm;SNOW_DAILY_cm;WMAX_DAILY_ms-1;LIGHTNING_DAILY_km-2;SSWTOT_DAILY_Whm-2;TSHOCK_DAILY_C;TOT
ALLEIN;16.0;16.0;35.0;23.0;15.0;13.0;20.0;40.0;25.0;5.0;208.0;796.41;7.96;26.13;3;0.33;0.24;0.19;0.0;0.0;1.13;0.67;0.95;1.0;1.0;258;4.0;187.0;3382466.0;1293048.0;0.0;1569;1941;207;4.0;2.0;0.0;1.0;1.0;2.0;0.0;1.0;0.0;37;8.0;2.0;27.0;0.0;335;15.0;38.0;3.0;114.0;0.0;0.0;0.0;0.0;0.0;0.0;0.0;2.0;4.0;10.0;4.0;514500.43849272403;565684.542545945;0.17382362659059225;0.0;0.0;0.0;0.0;0.0;12.331506849315067;6.093150684931507;13.693150684931506;4.035616438356165;12.627123287671232;53.92054794520548;84.51506849315068;1.4312328767123288;0.1227397260273972;8.441095890410958;0.0055068493150684;4049.504109589041;2.400821917808219;518
ANTEY-SAINT-ANDRÉ;41.0;51.0;95.0;60.0;31.0;45.0;55.0;89.0;61.0;18.0;546.0;1180.82;11.81;46.23;3;2.08;1.63;1.19;0.0;0.0;3.49;1.94;5.47;1.0;1.0;616;20.0;431.0;7259375.0;2552868.0;1.0;5682;6713;530;9.0;6.0;0.0;2.0;1.0;4.0;0.0;1.0;0.0;117;13.0;5.0;99.0;0.0;1208;44.0;157.0;2.0;262.0;1.0;136.0;36.0;73.0;0.0;0.0;17.0;4.0;4.0;29.0;4.0;1317319.9632905496;1448371.0509630477;0.45628701980030467;0.0;0.0;0.0;0.0;0.0;11.495890410958904;5.408219178082192;13.076712328767124;5.717808219178083;13.989315068493152;50.88219178082192;82.4904109589041;1.4827397260273971;0.1095890410958904;10.73150684931507;0.0015068493150684;4137.61095890411;2.255068493150685;556
AOSTA;2520.0;3388.0;5095.0;4698.0;2117.0;2748.0;3407.0;4679.0;3758.0;1113.0;33523.0;2139.26;21.39;1567.23;1;2.69;1.22;0.94;0.0;0.0;5.72;2.42;0.77;120.0;95.0;236529;76.0;26115.0;588967521.0;213157205.0;9.0;406816;339813;33359;577.0;357.0;1.0;125.0;93.0;271.0;0.0;90.0;26.0;9555;1004.0;342.0;8167.0;42.0;85861;3432.0;12406.0;288.0;20041.0;458.0;8515.0;658.0;5880.0;0.0;15.0;218.0;176.0;379.0;2733.0;191.0;82914106.89699894;91162660.1680685;28.01485304902127;0.0;1.0;401.0;38.0;13.0;22.013698630136982;13.597260273972603;19.90958904109589;7.609589041095891;15.93945205479452;48.35342465753425;84.35068493150685;1.059178082191781;0.0693150684931506;7.789041095890411;0.0026301369863013;3984.671232876712;2.2884931506849315;701
ARNAD;105.0;130.0;186.0;161.0;62.0;107.0;124.0;182.0;140.0;30.0;1227.0;2884.09;28.84;42.55;1;4.38;3.36;2.54;0.0;0.0;2.41;13.96;11.7;5.0;4.0;1642;6.0;986.0;19085156.0;7139032.0;1.0;14249;19675;1246;22.0;13.0;0.0;5.0;3.0;10.0;0.0;3.0;1.0;221;16.0;12.0;192.0;1.0;2346;126.0;328.0;11.0;627.0;7.0;1338.0;118.0;929.0;0.0;0.0;6.0;6.0;17.0;94.0;12.0;3096944.668415141;3405038.3575470895;1.0253922587820032;0.0;0.0;0.0;0.0;0.0;17.75068493150685;10.572602739726028;18.24383561643836;8.998082191780822;17.243013698630136;53.8986301369863;82.84931506849315;2.155342465753425;0.0230136986301369;8.895890410958904;0.0063013698630136;3984.276712328767;2.143287671232877;621
ARVIER;67.0;97.0;131.0;96.0;39.0;71.0;103.0;125.0;101.0;22.0;852.0;3336.01;33.36;25.54;2;2.19;2.09;1.87;0.0;0.0;2.99;18.99;10.82;2.0;2.0;849;16.0;658.0;13112478.0;4473713.0;1.0;7557;6808;827;14.0;9.0;0.0;3.0;2.0;7.0;0.0;2.0;1.0;188;23.0;3.0;160.0;2.0;1478;74.0;231.0;8.0;438.0;25.0;30.0;1.0;26.0;0.0;0.0;0.0;0.0;7.0;53.0;3.0;2055516.2446061969;2260005.3946159254;0.7120083166114645;0.0;0.0;0.0;0.0;0.0;15.936986301369863;8.56986301369863;15.947945205479453;6.302739726027397;16.37835616438356;52.394520547945206;86.07123287671233;1.1356164383561644;0.0452054794520547;7.953424657534247;0.0020273972602739;4017.076712328767;2.458904109589041;567
AVISE;27.0;34.0;41.0;32.0;20.0;27.0;24.0;42.0;40.0;11.0;298.0;5261.74;52.62;5.66;2;3.07;3.03;1.68;0.0;0.0;9.57;30.8;11.62;0.0;0.0;504;6.0;240.0;4219043.0;1725866.0;0.0;2624;3366;297;5.0;3.0;0.0;1.0;1.0;2.0;0.0;1.0;0.0;77;7.0;2.0;68.0;0.0;694;19.0;89.0;0.0;181.0;0.0;12.0;0.0;10.0;0.0;0.0;0.0;0.0;5.0;24.0;0.0;738196.2813156474;811634.3436528776;0.24903577271152158;0.0;0.0;0.0;0.0;0.0;14.304109589041095;7.394520547945206;14.975342465753425;5.257260273972603;15.021095890410958;54.12328767123287;86.23835616438356;1.1972602739726028;0.0780821917808219;8.227397260273973;0.001945205479452;3935.457534246576;2.495890410958904;533
AYAS;119.0;158.0;204.0;158.0;61.0;141.0;179.0;208.0;134.0;37.0;1399.0;12942.27;129.42;10.81;5;8.54;7.05;5.9;0.0;0.0;20.63;47.62;59.88;1.0;1.0;1524;71.0;1081.0;20012916.0;5501820.0;2.0;11666;12239;1321;23.0;14.0;0.0;5.0;4.0;11.0;0.0;4.0;1.0;192;11.0;8.0;172.0;1.0;2114;64.0;253.0;9.0;523.0;3.0;107.0;29.0;78.0;0.0;0.0;0.0;4.0;9.0;95.0;6.0;3283357.870767577;3609996.5251362;1.1691310269242239;0.0;0.0;0.0;0.0;1.0;11.484931506849316;5.109589041095891;12.438356164383562;2.427123287671233;9.823561643835616;52.32054794520548;81.65753424657534;1.797260273972603;0.3153424657534246;11.189041095890412;0.0001369863013698;3789.7753424657535;2.345205479452055;576
AYMAVILLES;184.0;217.0;329.0;267.0;79.0;198.0;214.0;328.0;230.0;52.0;2098.0;5324.44;53.24;39.41;2;6.09;5.55;4.57;0.0;0.0;5.87;16.67;29.15;3.0;3.0;2017;14.0;1608.0;32169676.0;9963611.0;1.0;20099;15854;2113;37.0;23.0;0.0;8.0;6.0;17.0;0.0;6.0;2.0;497;57.0;11.0;429.0;0.0;3948;136.0;632.0;24.0;1141.0;38.0;134.0;3.0;127.0;0.0;0.0;0.0;3.0;16.0;156.0;8.0;5251881.287609303;5774354.774877207;1.7532786951301083;0.0;0.0;0.0;0.0;1.0;18.504109589041096;10.715068493150683;17.44109589041096;7.061369863013699;16.102465753424656;49.057534246575344;84.4931506849315;1.0241095890410958;0.0536986301369863;7.698630136986301;0.0008767123287671;3947.6876712328767;2.317808219178082;611
BARD;12.0;13.0;18.0;11.0;9.0;7.0;8.0;22.0;8.0;4.0;112.0;303.15;3.03;36.96;1;0.44;0.33;0.24;0.0;0.0;0.4;1.39;1.1;1.0;1.0;88;5.0;85.0;1863226.0;679735.0;0.0;1227;872;110;2.0;1.0;0.0;0.0;0.0;1.0;0.0;0.0;0.0;26;1.0;2.0;22.0;1.0;320;15.0;21.0;1.0;62.0;0.0;59.0;0.0;11.0;0.0;0.0;48.0;1.0;2.0;7.0;1.0;273406.0301169065;300605.3124640288;0.09359733739493428;0.0;0.0;0.0;0.0;0.0;17.78082191780822;10.673972602739726;18.39452054794521;8.901917808219178;17.648219178082194;55.01917808219178;82.93698630136986;2.399178082191781;0.0482191780821917;8.698630136986301;0.0055068493150684;3918.408219178082;2.2243835616438354;627
BIONAZ;19.0;14.0;38.0;26.0;8.0;18.0;18.0;44.0;29.0;4.0;218.0;14209.25;142.09;1.53;5;7.39;6.64;6.3;0.0;0.0;2.58;16.96;118.13;2.0;1.0;242;17.0;183.0;3157240.0;1129220.0;0.0;1405;1701;215;4.0;2.0;0.0;1.0;1.0;2.0;0.0;1.0;0.0;38;3.0;1.0;34.0;0.0;372;14.0;58.0;0.0;116.0;0.0;144.0;3.0;92.0;0.0;0.0;0.0;0.0;7.0;10.0;1.0;534384.5134103172;587546.7470887834;0.18218053171513995;0.0;0.0;0.0;0.0;0.0;9.663013698630136;3.9232876712328766;11.545205479452054;1.7808219178082192;9.276986301369863;55.71232876712329;84.86575342465754;1.6090410958904109;0.4041095890410959;9.526027397260274;0.0014246575342465;3670.254794520548;2.673698630136986;549
BRISSOGNE;88.0;94.0;152.0;90.0;34.0;80.0;123.0;161.0;101.0;19.0;942.0;2551.37;25.51;36.93;2;3.4;1.47;0.82;0.0;0.0;4.66;13.94;3.63;2.0;2.0;1086;3.0;795.0;15124451.0;4329978.0;1.0;7401;8177;926;16.0;10.0;0.0;3.0;3.0;8.0;0.0;2.0;1.0;230;28.0;13.0;189.0;0.0;2100;66.0;250.0;8.0;388.0;10.0;21.0;4.0;17.0;0.0;0.0;0.0;2.0;2.0;82.0;4.0;2301581.6717114127;2530550.175833551;0.7872204627323938;0.0;0.0;0.0;0.0;0.0;17.156164383561645;9.865753424657534;16.934246575342467;7.415616438356164;16.348219178082193;48.74794520547945;83.78356164383561;1.1561643835616435;0.0671232876712328;8.07123287671233;0.0033424657534246;3752.6931506849314;2.332054794520548;590
BRUSSON;65.0;96.0;130.0;104.0;45.0;75.0;89.0;141.0;96.0;22.0;863.0;5526.29;55.26;15.62;4;8.11;6.87;6.36;0.0;0.0;7.31;24.02;22.45;2.0;2.0;927;31.0;698.0;13697920.0;4580045.0;1.0;9223;9002;827;14.0;9.0;0.0;3.0;2.0;7.0;0.0;2.0;1.0;109;9.0;9.0;90.0;1.0;1204;53.0;210.0;2.0;376.0;2.0;0.0;0.0;0.0;0.0;0.0;0.0;2.0;11.0;33.0;4.0;2055516.2446061969;2260005.3946159254;0.7212009122484668;0.0;0.0;0.0;0.0;0.0;11.608219178082193;5.238356164383561;12.717808219178082;4.326301369863013;11.216986301369865;53.84657534246576;81.86301369863014;1.989041095890411;0.2205479452054794;10.62191780821918;0.0013972602739726;3849.358904109589;2.305753424657534;561
CHALLAND-SAINT-ANSELME;61.0;77.0;115.0;85.0;39.0;66.0;76.0;97.0;97.0;23.0;736.0;2798.68;27.99;26.3;3;2.99;2.53;2.27;0.0;0.0;4.44;12.34;11.11;0.0;0.0;826;13.0;591.0;10543591.0;4132465.0;0.0;7801;9627;741;13.0;8.0;0.0;3.0;2.0;6.0;0.0;2.0;1.0;145;7.0;4.0;133.0;1.0;1415;53.0;205.0;5.0;377.0;2.0;609.0;23.0;499.0;0.0;0.0;0.0;3.0;6.0;50.0;7.0;1841762.4392420698;2024986.6957804118;0.615068217166711;0.0;0.0;0.0;0.0;0.0;14.101369863013698;7.06027397260274;14.646575342465754;5.824657534246575;13.990410958904109;53.47945205479452;81.51506849315068;2.118630136986301;0.0994520547945205;9.821917808219178;0.0048219178082191;3875.849315068493;2.242739726027397;552
CHALLAND-SAINT-VICTOR;42.0;57.0;84.0;53.0;33.0;52.0;46.0;91.0;62.0;16.0;536.0;2515.93;25.16;21.3;2;1.78;1.71;1.62;0.0;0.0;4.6;14.83;5.7;2.0;2.0;628;4.0;442.0;7985599.0;2824873.0;0.0;7202;6874;530;9.0;6.0;0.0;2.0;1.0;4.0;0.0;1.0;0.0;99;12.0;3.0;84.0;0.0;911;34.0;141.0;4.0;267.0;11.0;122.0;31.0;87.0;0.0;0.0;0.0;2.0;9.0;26.0;5.0;1317319.9632905496;1448371.0509630477;0.44793011467575694;0.0;0.0;0.0;0.0;0.0;16.041095890410958;8.813698630136987;16.312328767123287;7.260000000000001;15.169315068493152;53.17260273972602;82.07123287671233;2.046027397260274;0.0424657534246575;9.482191780821918;0.0028767123287671;4071.9972602739726;2.165753424657534;585
CHAMBAVE;60.0;83.0;129.0;116.0;53.0;76.0;74.0;135.0;112.0;34.0;872.0;2154.19;21.54;40.48;1;3.12;2.29;1.15;0.0;0.0;2.33;2.82;16.33;1.0;1.0;1010;3.0;707.0;13841077.0;5548800.0;1.0;9974;12134;878;15.0;9.0;0.0;3.0;2.0;7.0;0.0;2.0;1.0;178;15.0;8.0;154.0;1.0;1762;83.0;310.0;4.0;540.0;7.0;341.0;53.0;164.0;0.0;0.0;102.0;6.0;8.0;61.0;2.0;2182277.2222058536;2399376.9485765207;0.7287221268605598;0.0;0.0;0.0;0.0;0.0;14.435616438356163;7.63013698630137;15.221917808219178;6.831232876712329;17.745753424657533;49.11232876712329;83.4986301369863;1.281917808219178;0.0134246575342465;8.717808219178082;2.7397260273972603e-05;3873.1753424657536;2.476986301369863;527
CHAMOIS;5.0;10.0;14.0;14.0;4.0;3.0;10.0;25.0;16.0;7.0;108.0;1452.85;14.53;7.43;5;1.16;0.68;0.54;0.0;0.0;4.51;4.45;5.47;0.0;0.0;85;9.0;90.0;1973501.0;617129.0;0.0;709;541;89;2.0;1.0;0.0;0.0;0.0;1.0;0.0;0.0;0.0;18;0.0;1.0;17.0;0.0;154;6.0;20.0;1.0;55.0;2.0;0.0;0.0;0.0;0.0;0.0;0.0;0.0;0.0;2.0;1.0;221210.33345822434;243217.02553907782;0.0902545753451152;0.0;0.0;0.0;0.0;0.0;10.063013698630137;4.104109589041096;11.53972602739726;0.9134246575342464;8.84;52.96438356164384;82.1972602739726;1.6391780821917807;0.4189041095890411;11.205479452054794;0.0002191780821917;3956.0;2.2454794520547945;602
CHAMPDEPRAZ;61.0;89.0;111.0;83.0;22.0;59.0;81.0;102.0;87.0;5.0;700.0;4879.31;48.79;14.35;1;3.58;3.04;2.63;0.0;0.0;3.04;14.27;30.51;0.0;0.0;843;5.0;578.0;11205732.0;3359343.0;0.0;8896;8411;702;12.0;8.0;0.0;3.0;2.0;6.0;0.0;2.0;1.0;129;13.0;7.0;109.0;0.0;1171;68.0;230.0;3.0;325.0;9.0;19.0;3.0;16.0;0.0;0.0;0.0;1.0;2.0;50.0;6.0;1744827.5740188032;1918408.4486340745;0.5849833587183393;0.0;0.0;0.0;0.0;0.0;17.564383561643837;10.189041095890412;17.4027397260274;7.910684931506849;17.63041095890411;51.56438356164384;82.22191780821917;1.9186301369863008;0.0123287671232876;9.2;0.0130136986301369;4117.8;2.1884931506849314;616
CHAMPORCHER;23.0;39.0;58.0;48.0;19.0;14.0;31.0;71.0;60.0;17.0;380.0;6843.06;68.43;5.55;4;3.83;3.69;3.64;0.0;0.0;5.91;20.74;41.02;1.0;1.0;435;16.0;329.0;6145662.0;2363573.0;1.0;4235;4119;356;6.0;4.0;0.0;1.0;1.0;3.0;0.0;1.0;0.0;61;3.0;3.0;54.0;1.0;753;29.0;109.0;3.0;218.0;0.0;85.0;2.0;72.0;0.0;0.0;0.0;2.0;3.0;28.0;4.0;884841.3338328974;972868.1021563113;0.3175623947328127;0.0;0.0;0.0;0.0;0.0;13.53972602739726;6.64931506849315;14.315068493150685;4.798356164383562;10.714246575342464;54.72328767123288;82.41643835616438;1.996438356164384;0.2367123287671233;9.394520547945206;0.0085753424657534;3637.558904109589;2.3175342465753426;559
CHARVENSOD;214.0;274.0;384.0;246.0;99.0;191.0;276.0;384.0;263.0;46.0;2377.0;2586.22;25.86;91.92;2;2.19;1.3;0.98;0.0;0.0;6.2;9.78;7.99;1.0;1.0;3478;11.0;1852.0;38293714.0;11041619.0;1.0;23625;20154;2375;41.0;25.0;0.0;9.0;7.0;19.0;0.0;6.0;2.0;609;78.0;17.0;512.0;2.0;5085;200.0;749.0;29.0;1023.0;12.0;648.0;123.0;448.0;0.0;0.0;18.0;7.0;12.0;162.0;11.0;5903084.74116048;6490341.973655167;1.9864363481049891;0.0;0.0;0.0;0.0;1.0;17.997260273972604;10.41917808219178;17.246575342465754;6.410410958904111;16.5213698630137;48.46027397260274;83.71780821917808;1.0112328767123289;0.0383561643835616;7.895890410958904;0.0005479452054794;3924.035616438356;2.3808219178082197;609
CHÂTILLON;320.0;416.0;746.0;587.0;228.0;314.0;463.0;723.0;513.0;140.0;4450.0;3968.17;39.68;112.15;1;2.35;1.93;1.53;0.0;0.0;4.65;17.98;14.46;20.0;11.0;4666;20.0;3509.0;69884558.0;25208988.0;1.0;54106;68219;4405;76.0;47.0;0.0;16.0;12.0;36.0;0.0;12.0;3.0;914;81.0;55.0;774.0;4.0;9597;387.0;1530.0;37.0;2314.0;53.0;2599.0;260.0;1934.0;0.0;0.0;49.0;16.0;52.0;358.0;26.0;10948668.751499753;12037876.376400424;3.718822780423728;0.0;0.0;0.0;0.0;2.0;17.19178082191781;9.865753424657534;16.621917808219177;7.706849315068493;17.77260273972603;48.69315068493151;82.9041095890411;1.555890410958904;0.0216438356164383;9.827397260273973;0.0015890410958904;4106.4849315068495;2.274794520547945;638
COGNE;88.0;140.0;204.0;162.0;74.0;99.0;150.0;199.0;180.0;47.0;1343.0;21304.39;213.04;6.3;5;10.36;9.81;3.75;0.0;0.0;21.27;90.16;100.18;3.0;2.0;1346;55.0;1142.0;19269975.0;6603026.0;1.0;12517;10288;1305;23.0;14.0;0.0;5.0;4.0;11.0;0.0;4.0;1.0;201;16.0;16.0;167.0;2.0;2096;91.0;337.0;16.0;722.0;6.0;824.0;206.0;528.0;0.0;0.0;0.0;7.0;11.0;71.0;13.0;3243589.7209323905;3566272.1160505232;1.1223323582267566;0.0;0.0;0.0;0.0;1.0;15.75068493150685;8.449315068493151;15.857534246575344;2.421095890410959;9.892054794520549;51.83013698630137;82.88493150684931;1.235068493150685;0.2123287671232876;8.421917808219177;0.0014520547945205;3600.47397260274;2.541917808219178;597
COURMAYEUR;174.0;277.0;440.0;330.0;126.0;203.0;345.0;455.0;314.0;70.0;2734.0;20960.89;209.61;13.04;4;32.85;30.43;15.16;0.0;0.0;6.03;72.39;128.15;3.0;3.0;3271;102.0;2135.0;57617454.0;13041726.0;1.0;20916;1448;2455;42.0;26.0;0.0;9.0;7.0;20.0;0.0;7.0;2.0;424;49.0;24.0;350.0;1.0;3963;123.0;688.0;10.0;880.0;22.0;271.0;49.0;211.0;0.0;0.0;0.0;14.0;11.0;128.0;9.0;6101925.4903364135;6708964.019083551;2.2847778610513423;0.0;0.0;0.0;0.0;1.0;16.942465753424656;9.98082191780822;16.895890410958906;4.487123287671233;12.210958904109589;64.93698630136986;91.16164383561645;2.583013698630137;0.3106849315068493;9.356164383561644;0.0001643835616438;3762.769863013699;2.3745205479452056;760
DONNAS;170.0;257.0;383.0;295.0;127.0;190.0;237.0;381.0;296.0;69.0;2405.0;3397.47;33.97;70.8;1;4.1;3.4;1.44;0.0;0.0;7.59;11.65;12.55;5.0;5.0;2575;9.0;1892.0;36474353.0;14084725.0;1.0;29330;23029;2392;41.0;26.0;0.0;9.0;7.0;19.0;0.0;6.0;2.0;324;23.0;32.0;266.0;3.0;3949;197.0;757.0;15.0;1300.0;16.0;804.0;70.0;594.0;0.0;0.0;41.0;14.0;38.0;149.0;16.0;5945338.400360367;6536799.158308698;2.0098356824537227;0.0;0.0;0.0;0.0;1.0;20.232876712328768;12.86027397260274;20.186301369863013;9.43095890410959;17.803835616438356;55.463013698630135;83.06027397260274;2.6342465753424658;0.0246575342465753;8.591780821917808;0.0147671232876712;3915.4438356164383;2.226849315068493;710
DOUES;51.0;44.0;85.0;52.0;21.0;34.0;49.0;84.0;56.0;21.0;497.0;1625.44;16.25;30.58;3;0.79;0.76;0.55;0.0;0.0;5.24;6.67;4.3;0.0;0.0;578;5.0;409.0;8291526.0;2798847.0;0.0;3701;3585;498;9.0;5.0;0.0;2.0;1.0;4.0;0.0;1.0;0.0;104;6.0;3.0;95.0;0.0;867;32.0;122.0;11.0;224.0;5.0;0.0;0.0;0.0;0.0;0.0;0.0;2.0;5.0;25.0;1.0;1237783.6636201767;1360922.2327916939;0.4153381846900209;0.0;0.0;0.0;0.0;0.0;12.778082191780822;6.4;13.96164383561644;4.168767123287671;12.894246575342464;53.654794520547945;84.3013698630137;1.5202739726027397;0.133972602739726;8.438356164383562;0.0003013698630136;3998.5780821917806;2.461369863013698;517
ETROUBLES;42.0;52.0;62.0;56.0;17.0;34.0;66.0;84.0;60.0;10.0;483.0;3956.98;39.57;12.21;4;3.06;2.26;0.91;0.0;0.0;10.31;11.28;15.82;1.0;1.0;487;9.0;366.0;7305119.0;2600706.0;1.0;3219;4317;449;8.0;5.0;0.0;2.0;1.0;4.0;0.0;1.0;0.0;102;16.0;4.0;80.0;2.0;841;24.0;101.0;5.0;221.0;2.0;0.0;0.0;0.0;0.0;0.0;0.0;1.0;6.0;19.0;2.0;1115993.7047499183;1227016.229966808;0.40363851751565405;0.0;0.0;0.0;0.0;0.0;14.175342465753424;7.49041095890411;14.772602739726029;3.797260273972603;12.004109589041096;55.57534246575342;85.46027397260274;1.36986301369863;0.101917808219178;8.506849315068493;0.0004109589041095;3890.750684931507;2.256986301369863;548
FONTAINEMORE;30.0;41.0;65.0;55.0;14.0;39.0;43.0;69.0;67.0;10.0;433.0;3171.19;31.71;13.65;2;2.59;1.7;0.58;0.0;0.0;4.29;21.63;4.52;0.0;0.0;460;7.0;340.0;6601492.0;2623574.0;0.0;5718;2628;410;7.0;4.0;0.0;2.0;1.0;3.0;0.0;1.0;0.0;58;4.0;5.0;49.0;0.0;695;30.0;114.0;1.0;256.0;2.0;109.0;4.0;81.0;0.0;0.0;0.0;3.0;1.0;17.0;2.0;1019058.8395266514;1120437.9828204708;0.36185399189291556;0.0;0.0;0.0;0.0;0.0;14.183561643835615;7.263013698630137;15.02191780821918;7.077260273972602;14.164383561643836;57.97534246575343;83.85753424657534;2.795616438356164;0.0945205479452054;8.616438356164384;0.0133972602739726;3445.5534246575344;2.2273972602739724;568
FÉNIS;153.0;180.0;297.0;206.0;74.0;161.0;182.0;281.0;209.0;35.0;1778.0;6812.08;68.12;26.1;1;7.76;5.68;3.31;0.0;0.0;3.85;40.58;20.55;0.0;0.0;1921;12.0;1363.0;28165550.0;9576250.0;0.0;18759;15990;1795;31.0;19.0;0.0;7.0;5.0;15.0;0.0;5.0;1.0;364;33.0;6.0;322.0;3.0;3068;137.0;535.0;14.0;933.0;28.0;211.0;54.0;115.0;0.0;0.0;32.0;8.0;9.0;114.0;7.0;4461489.309634973;4905332.144299379;1.4858577311445818;0.0;0.0;0.0;0.0;1.0;17.202739726027396;10.027397260273972;17.172602739726027;7.348493150684931;17.268493150684932;49.43287671232877;83.84109589041095;1.33013698630137;0.0315068493150684;8.493150684931507;0.0;3892.4;2.328767123287671;594
GABY;37.0;37.0;63.0;58.0;24.0;27.0;35.0;75.0;63.0;18.0;437.0;3217.08;32.17;13.58;3;2.4;2.02;1.68;0.0;0.0;0.93;22.83;7.89;0.0;0.0;480;11.0;351.0;7307550.0;2822597.0;1.0;4882;3618;409;7.0;4.0;0.0;2.0;1.0;3.0;0.0;1.0;0.0;58;5.0;2.0;51.0;0.0;573;28.0;124.0;1.0;181.0;0.0;22.0;10.0;12.0;0.0;0.0;0.0;5.0;7.0;21.0;2.0;1016573.3301619523;1117705.207252616;0.36519675394273465;0.0;0.0;0.0;0.0;0.0;14.243835616438355;7.079452054794521;14.465753424657532;5.926027397260274;12.859178082191782;56.52876712328767;83.54520547945205;2.9224657534246576;0.1978082191780822;9.175342465753424;0.0003013698630136;3392.93698630137;2.1646575342465755;573
GIGNOD;153.0;191.0;303.0;168.0;55.0;176.0;179.0;312.0;164.0;38.0;1739.0;2598.37;25.98;66.94;3;1.57;1.52;1.46;0.0;0.0;5.25;10.15;3.89;4.0;2.0;1899;13.0;1317.0;29436711.0;7495142.0;1.0;12729;15352;1708;30.0;18.0;0.0;6.0;5.0;14.0;0.0;5.0;1.0;407;47.0;17.0;343.0;0.0;3405;115.0;482.0;18.0;664.0;12.0;1776.0;38.0;975.0;0.0;0.0;48.0;5.0;8.0;128.0;13.0;4245249.994906148;4667580.66989601;1.4532658011588457;0.0;0.0;0.0;0.0;1.0;16.45205479452055;9.512328767123288;16.46301369863014;6.0306849315068485;15.590136986301369;50.536986301369865;84.1972602739726;1.2194520547945205;0.0572602739726027;8.112328767123287;0.0046027397260273;4062.408219178082;2.349041095890411;576
GRESSAN;289.0;371.0;563.0;362.0;129.0;320.0;356.0;543.0;367.0;80.0;3380.0;2530.38;25.3;133.6;2;5.61;3.88;0.94;0.0;0.0;11.77;7.63;3.84;8.0;7.0;3691;33.0;2635.0;55425445.0;16756146.0;2.0;28488;31531;3359;58.0;36.0;0.0;13.0;9.0;27.0;0.0;9.0;3.0;831;89.0;28.0;710.0;4.0;7007;223.0;934.0;32.0;1556.0;24.0;1268.0;96.0;1074.0;0.0;0.0;1.0;10.0;22.0;273.0;18.0;8348825.956024445;9179393.132424297;2.824633932097124;0.0;0.0;0.0;0.0;1.0;19.2;11.490410958904109;18.145205479452056;7.352876712328768;15.707123287671234;48.4027397260274;84.14794520547945;1.0073972602739725;0.0747945205479452;7.742465753424658;0.0002191780821917;3994.8273972602738;2.3093150684931505;642
GRESSONEY-LA-TRINITÉ;38.0;43.0;44.0;35.0;13.0;29.0;37.0;52.0;26.0;5.0;322.0;6651.7;66.52;4.84;5;3.3;2.73;2.38;0.0;0.0;6.35;5.9;53.15;0.0;0.0;405;39.0;242.0;5242691.0;1160169.0;1.0;2148;1330;292;5.0;3.0;0.0;1.0;1.0;2.0;0.0;1.0;0.0;23;2.0;0.0;21.0;0.0;152;11.0;49.0;2.0;106.0;0.0;0.0;0.0;0.0;0.0;0.0;0.0;0.0;0.0;9.0;1.0;725768.7344921518;797970.4658136036;0.26909234501043605;0.0;0.0;0.0;0.0;0.0;10.813698630136988;4.53972602739726;11.887671232876713;2.083835616438356;8.65808219178082;53.63835616438356;82.14246575342466;2.2673972602739725;0.3758904109589041;11.468493150684932;0.004958904109589;3546.487671232877;1.9797260273972603;579
GRESSONEY-SAINT-JEAN;73.0;69.0;126.0;94.0;36.0;64.0;88.0;132.0;94.0;28.0;804.0;6965.05;69.65;11.54;4;6.09;4.78;3.32;0.0;0.0;3.77;45.77;17.65;2.0;1.0;927;40.0;636.0;13498173.0;4257570.0;1.0;6598;6369;778;13.0;8.0;0.0;3.0;2.0;6.0;0.0;2.0;1.0;72;7.0;10.0;55.0;0.0;728;55.0;206.0;10.0;284.0;3.0;773.0;130.0;462.0;0.0;0.0;4.0;1.0;7.0;27.0;4.0;1933726.2857359385;2126099.3917910396;0.6718951720136354;0.0;0.0;0.0;0.0;0.0;11.512328767123288;5.06027397260274;12.35890410958904;3.23972602739726;10.29013698630137;55.33150684931507;82.53150684931506;2.4994520547945203;0.3528767123287671;10.515068493150684;0.0012876712328767;3672.076712328767;2.543835616438356;586
HÔNE;85.0;117.0;188.0;153.0;50.0;84.0;126.0;174.0;144.0;33.0;1154.0;1263.85;12.64;91.3;1;2.21;1.81;1.54;0.0;0.0;1.95;2.0;7.32;4.0;1.0;1225;9.0;950.0;19569785.0;7013390.0;1.0;14591;9919;1151;20.0;12.0;0.0;4.0;3.0;9.0;0.0;3.0;1.0;196;19.0;8.0;169.0;0.0;1935;104.0;367.0;6.0;578.0;3.0;2278.0;73.0;780.0;0.0;0.0;21.0;2.0;14.0;100.0;7.0;2860821.2787687215;3145424.6786008826;0.964386851372805;0.0;0.0;0.0;0.0;0.0;19.495890410958904;12.134246575342466;19.44109589041096;10.416986301369862;17.708219178082192;54.73972602739726;83.1013698630137;2.4786301369863013;0.0115068493150684;8.632876712328768;0.0163835616438356;3886.72602739726;2.072054794520548;680
INTROD;57.0;74.0;88.0;72.0;29.0;76.0;67.0;94.0;77.0;12.0;646.0;2003.84;20.04;32.24;2;0.53;0.49;0.44;0.0;0.0;2.5;8.28;8.99;0.0;0.0;742;16.0;500.0;11238433.0;3400822.0;0.0;4944;4055;639;11.0;7.0;0.0;2.0;2.0;5.0;0.0;2.0;0.0;115;14.0;5.0;96.0;0.0;850;48.0;162.0;2.0;289.0;8.0;10.0;0.0;3.0;0.0;0.0;0.0;0.0;1.0;37.0;1.0;1588240.4840427567;1746243.5878592215;0.5398560710457816;0.0;0.0;0.0;0.0;0.0;16.336986301369862;8.832876712328767;15.986301369863014;5.470958904109589;15.612876712328768;51.586301369863016;85.32328767123288;1.036164383561644;0.0471232876712328;7.945205479452055;0.002;4002.0465753424655;2.4495890410958903;570
ISSIME;28.0;45.0;57.0;47.0;21.0;32.0;37.0;75.0;39.0;12.0;393.0;3537.86;35.38;11.11;3;4.27;3.24;2.41;0.0;0.0;0.88;19.37;14.76;0.0;0.0;649;4.0;296.0;6434337.0;2018095.0;1.0;4261;2683;370;6.0;4.0;0.0;1.0;1.0;3.0;0.0;1.0;0.0;37;5.0;3.0;29.0;0.0;433;26.0;94.0;0.0;155.0;1.0;70.0;17.0;53.0;0.0;0.0;0.0;1.0;5.0;21.0;3.0;919638.4649386854;1011126.9601062785;0.32842637139472475;0.0;0.0;0.0;0.0;0.0;13.04931506849315;6.172602739726028;13.742465753424655;5.737534246575342;12.661369863013698;57.18356164383562;83.96986301369863;2.6638356164383565;0.1690410958904109;9.156164383561643;0.0054794520547945;3518.06301369863;2.242191780821918;557
ISSOGNE;109.0;116.0;204.0;175.0;73.0;105.0;117.0;225.0;179.0;44.0;1347.0;2361.06;23.61;57.05;1;3.59;2.63;1.68;0.0;0.0;2.49;10.86;9.87;0.0;0.0;8015;7.0;1062.0;19762024.0;8224837.0;0.0;20262;19114;1333;23.0;14.0;0.0;5.0;4.0;11.0;0.0;4.0;1.0;258;20.0;6.0;230.0;2.0;2342;128.0;433.0;11.0;705.0;16.0;1359.0;150.0;836.0;0.0;0.0;131.0;6.0;15.0;84.0;5.0;3313183.9831439666;3642789.8319504578;1.1256751202765756;0.0;0.0;0.0;0.0;1.0;18.56438356164384;11.213698630136989;18.684931506849317;8.710958904109589;18.02931506849315;52.72054794520548;82.87945205479453;2.132876712328767;0.0164383561643835;8.90958904109589;0.0081643835616438;4016.0164383561646;2.158630136986301;649
JOVENÇAN;70.0;84.0;113.0;59.0;28.0;59.0;70.0;138.0;75.0;16.0;712.0;701.21;7.01;101.57;2;0.85;0.54;0.35;0.0;0.0;2.41;2.81;0.58;0.0;0.0;866;7.0;563.0;11891565.0;3569064.0;0.0;5346;4143;724;13.0;8.0;0.0;3.0;2.0;6.0;0.0;2.0;1.0;173;24.0;4.0;142.0;3.0;1578;34.0;194.0;6.0;309.0;13.0;45.0;0.0;26.0;0.0;0.0;19.0;3.0;4.0;48.0;0.0;1799508.7800421845;1978529.51112688;0.5950116448677966;0.0;0.0;0.0;0.0;0.0;18.153424657534245;10.536986301369865;17.413698630136988;7.268219178082192;16.745479452054795;48.49589041095891;84.33424657534246;0.9986301369863012;0.0416438356164383;7.701369863013698;0.0018082191780821;3987.912328767123;2.3758904109589043;607
LA MAGDELEINE;5.0;5.0;17.0;13.0;4.0;9.0;13.0;19.0;21.0;2.0;108.0;893.67;8.94;12.08;5;0.6;0.55;0.38;0.0;0.0;0.55;5.42;2.97;0.0;0.0;140;3.0;83.0;1471571.0;556372.0;0.0;930;780;99;2.0;1.0;0.0;0.0;0.0;1.0;0.0;0.0;0.0;19;3.0;1.0;15.0;0.0;128;5.0;29.0;0.0;59.0;0.0;0.0;0.0;0.0;0.0;0.0;0.0;0.0;1.0;2.0;0.0;246065.42710521584;270544.7812176259;0.0902545753451152;0.0;0.0;0.0;0.0;0.0;9.405479452054797;3.873972602739726;11.27945205479452;2.5575342465753423;9.612054794520548;51.983561643835614;82.11506849315069;1.5183561643835617;0.3134246575342466;11.295890410958904;0.0020547945205479;4089.813698630137;2.4846575342465758;592
LA SALLE;174.0;204.0;319.0;212.0;80.0;195.0;215.0;355.0;201.0;52.0;2007.0;8394.39;83.94;23.91;3;7.37;4.46;1.47;0.0;0.0;4.52;7.75;71.15;6.0;6.0;2312;30.0;1580.0;35881525.0;9964980.0;1.0;16668;2562;1936;33.0;21.0;0.0;7.0;5.0;16.0;0.0;5.0;1.0;339;36.0;12.0;291.0;0.0;2950;113.0;592.0;22.0;845.0;13.0;180.0;27.0;145.0;0.0;0.0;0.0;3.0;8.0;120.0;7.0;4811946.130057554;5290653.499366906;1.6772308584967242;0.0;0.0;0.0;0.0;1.0;15.63013698630137;8.89041095890411;16.03835616438356;4.652054794520548;14.09972602739726;57.93698630136986;88.12328767123287;1.655890410958904;0.0958904109589041;8.627397260273973;0.0013150684931506;3874.4301369863015;2.214794520547945;603
LA THUILE;74.0;94.0;104.0;109.0;30.0;58.0;109.0;125.0;97.0;19.0;819.0;12566.84;125.67;6.52;4;6.25;5.59;3.32;0.0;0.0;6.84;78.53;39.72;2.0;2.0;990;31.0;673.0;14149099.0;4444518.0;1.0;6210;775;766;13.0;8.0;0.0;3.0;2.0;6.0;0.0;2.0;1.0;115;13.0;1.0;99.0;2.0;863;49.0;248.0;5.0;285.0;1.0;125.0;11.0;109.0;1.0;0.0;2.0;3.0;2.0;36.0;1.0;1903900.1733595487;2093306.084976782;0.6844305297004569;0.0;0.0;0.0;0.0;0.0;14.367123287671232;7.104109589041096;14.208219178082192;2.1569863013698627;10.243561643835616;63.032876712328765;89.63835616438357;2.4386301369863013;0.473972602739726;9.90958904109589;0.0001369863013698;3589.2;2.46931506849315;672
LILLIANES;39.0;51.0;76.0;44.0;23.0;34.0;44.0;76.0;45.0;14.0;446.0;1854.59;18.55;24.04;2;1.1;1.0;0.75;0.0;0.0;6.68;6.65;5.12;0.0;0.0;494;6.0;333.0;6060676.0;2005761.0;0.0;5071;2566;424;7.0;5.0;0.0;2.0;1.0;3.0;0.0;1.0;0.0;39;3.0;1.0;35.0;0.0;299;22.0;87.0;5.0;191.0;2.0;465.0;25.0;317.0;0.0;0.0;0.0;1.0;6.0;21.0;2.0;1053855.9706324395;1158696.840770438;0.37271796855482764;0.0;0.0;0.0;0.0;0.0;16.23013698630137;9.04109589041096;16.61917808219178;8.120000000000001;15.709041095890411;57.706849315068496;83.48493150684932;2.779178082191781;0.0402739726027397;8.520547945205479;0.0125205479452054;3585.66301369863;2.222465753424657;605
MONTJOVET;133.0;166.0;299.0;209.0;55.0;141.0;201.0;301.0;206.0;38.0;1749.0;1876.0;18.76;93.23;1;2.51;2.16;1.3;0.0;0.0;2.24;12.38;2.49;8.0;5.0;2005;13.0;1389.0;27437015.0;8291251.0;1.0;18247;21811;1770;31.0;19.0;0.0;7.0;5.0;14.0;0.0;5.0;1.0;297;26.0;10.0;260.0;1.0;2572;129.0;522.0;23.0;755.0;8.0;665.0;75.0;421.0;0.0;0.0;65.0;5.0;11.0;118.0;13.0;4399351.575517495;4837012.755103008;1.4616227062833935;0.0;0.0;0.0;0.0;1.0;16.39178082191781;9.263013698630138;16.854794520547944;8.625753424657535;16.976712328767125;50.88493150684931;82.14794520547945;1.9654794520547945;0.02;9.482191780821918;0.0035068493150684;4141.47397260274;2.203287671232877;593
MORGEX;179.0;220.0;353.0;227.0;93.0;187.0;256.0;332.0;190.0;60.0;2097.0;4362.83;43.63;48.06;3;5.08;2.76;1.44;0.0;0.0;9.46;21.85;6.92;5.0;4.0;2305;14.0;1646.0;31187147.0;9509293.0;1.0;18663;1574;2033;35.0;22.0;0.0;8.0;6.0;17.0;0.0;5.0;2.0;375;36.0;17.0;321.0;1.0;3388;139.0;702.0;14.0;927.0;23.0;143.0;17.0;122.0;0.0;0.0;0.0;8.0;23.0;137.0;9.0;5053040.538433372;5555732.729448822;1.7524430046176533;0.0;0.0;0.0;0.0;1.0;15.956164383561644;9.145205479452056;16.202739726027396;5.103561643835616;13.812876712328766;59.72602739726028;89.13698630136986;1.7871232876712329;0.1038356164383561;8.810958904109588;0.0023561643835616;3891.9780821917807;2.201917808219178;636
NUS;263.0;353.0;466.0;320.0;110.0;286.0;338.0;462.0;327.0;59.0;2984.0;5735.52;57.36;52.02;1;3.55;2.99;1.66;0.0;0.0;5.8;26.36;25.09;15.0;11.0;3081;19.0;2269.0;46660085.0;14513650.0;1.0;29006;22879;2979;52.0;32.0;0.0;11.0;8.0;24.0;0.0;8.0;2.0;701;89.0;19.0;590.0;3.0;5848;217.0;929.0;33.0;1327.0;35.0;147.0;2.0;91.0;0.0;0.0;16.0;11.0;12.0;187.0;10.0;7404332.397438768;8140938.41663947;2.4937004891650347;0.0;0.0;0.0;0.0;1.0;18.197260273972603;10.832876712328767;17.673972602739727;7.018082191780822;17.565479452054795;49.49041095890411;83.8958904109589;1.360821917808219;0.0232876712328767;8.36986301369863;5.479452054794521e-05;3963.66301369863;2.326849315068493;621
OLLOMONT;15.0;17.0;23.0;16.0;5.0;6.0;12.0;35.0;26.0;6.0;161.0;5348.33;53.48;3.01;4;5.86;5.67;2.63;0.0;0.0;4.81;6.74;40.67;0.0;0.0;193;9.0;135.0;2683492.0;1004780.0;0.0;1557;1085;154;3.0;2.0;0.0;1.0;0.0;1.0;0.0;0.0;0.0;40;2.0;0.0;38.0;0.0;460;13.0;25.0;1.0;70.0;0.0;102.0;0.0;76.0;0.0;0.0;0.0;0.0;2.0;14.0;0.0;382768.44216366904;420847.43744964025;0.13454617250521803;0.0;0.0;0.0;0.0;0.0;10.408219178082192;4.493150684931507;12.052054794520547;1.6126027397260274;9.594246575342464;56.2027397260274;85.36986301369863;1.7076712328767123;0.4057534246575342;8.884931506849314;0.0015890410958904;3759.8273972602738;2.720821917808219;550
OYACE;18.0;13.0;30.0;23.0;12.0;22.0;22.0;39.0;26.0;4.0;209.0;3056.03;30.56;6.84;4;1.3;0.49;0.38;0.0;0.0;1.01;3.04;26.4;0.0;0.0;236;1.0;175.0;3039034.0;1184728.0;0.0;1691;2231;211;4.0;2.0;0.0;1.0;1.0;2.0;0.0;1.0;0.0;49;8.0;1.0;40.0;0.0;396;14.0;55.0;1.0;94.0;1.0;579.0;0.0;462.0;0.0;0.0;0.0;0.0;4.0;10.0;1.0;524442.4759515206;576615.6448173643;0.174659317103047;0.0;0.0;0.0;0.0;0.0;11.810958904109588;5.476712328767123;13.161643835616438;3.192876712328768;11.791780821917808;54.58904109589041;84.31506849315069;1.5610958904109589;0.1871232876712328;8.96986301369863;0.0016164383561643;3790.0602739726023;2.4224657534246576;513
PERLOZ;37.0;45.0;73.0;53.0;21.0;42.0;33.0;83.0;54.0;11.0;452.0;2326.61;23.27;19.42;2;1.31;1.26;1.12;0.0;0.0;3.86;4.7;14.39;0.0;0.0;479;4.0;357.0;6373851.0;2270296.0;0.0;4438;4395;450;8.0;5.0;0.0;2.0;1.0;4.0;0.0;1.0;0.0;59;1.0;2.0;56.0;0.0;795;40.0;146.0;4.0;273.0;0.0;137.0;21.0;116.0;0.0;0.0;0.0;0.0;6.0;43.0;1.0;1118479.2141146173;1229749.005534663;0.3777321116295562;0.0;0.0;0.0;0.0;0.0;16.8;9.567123287671231;17.076712328767123;7.439999999999999;15.1186301369863;56.78904109589041;82.59452054794521;2.608219178082192;0.0871232876712328;8.852054794520548;0.0114246575342465;3874.6876712328767;2.346301369863013;620
POLLEIN;134.0;169.0;250.0;168.0;46.0;138.0;166.0;250.0;169.0;30.0;1520.0;1532.97;15.33;99.15;1;4.15;2.44;1.41;0.0;0.0;4.04;3.75;5.34;4.0;3.0;2044;9.0;1176.0;23029653.0;7284175.0;1.0;14890;14189;1502;26.0;16.0;0.0;6.0;4.0;12.0;0.0;4.0;1.0;366;44.0;9.0;311.0;2.0;3180;106.0;442.0;9.0;676.0;21.0;404.0;62.0;305.0;0.0;0.0;17.0;5.0;9.0;134.0;4.0;3733235.065778123;4104628.90291792;1.270249578931251;0.0;0.0;0.0;0.0;1.0;18.86027397260274;11.367123287671232;18.175342465753424;7.667945205479453;17.068493150684933;47.72054794520548;84.43835616438356;1.0287671232876712;0.0408219178082191;7.816438356164384;0.002931506849315;3856.320547945205;2.302191780821918;638
PONT-SAINT-MARTIN;277.0;374.0;557.0;474.0;187.0;283.0;376.0;519.0;433.0;91.0;3571.0;692.13;6.92;516.04;1;1.03;0.46;0.2;0.0;0.0;0.97;2.89;1.41;10.0;9.0;4069;10.0;2749.0;55145785.0;20119752.0;1.0;37840;32198;3568;62.0;38.0;0.0;13.0;10.0;29.0;0.0;10.0;3.0;490;37.0;40.0;410.0;3.0;5259;286.0;977.0;28.0;1945.0;37.0;823.0;154.0;469.0;0.0;0.0;138.0;13.0;38.0;212.0;17.0;8868297.413246566;9750543.226105953;2.984250819975985;0.0;0.0;0.0;0.0;1.0;21.08219178082192;13.534246575342468;20.65205479452055;9.407945205479452;17.867671232876713;56.26849315068493;83.2986301369863;2.785205479452055;0.0210958904109589;8.517808219178082;0.0144931506849315;3902.561643835617;2.2230136986301368;741
PONTBOSET;9.0;14.0;26.0;20.0;8.0;13.0;19.0;30.0;23.0;8.0;170.0;3355.74;33.56;5.07;2;0.15;0.15;0.15;0.0;0.0;0.01;0.01;0.17;0.0;0.0;185;8.0;143.0;2499738.0;948780.0;0.0;1936;1405;167;3.0;2.0;0.0;1.0;0.0;1.0;0.0;0.0;0.0;38;2.0;1.0;34.0;0.0;363;15.0;45.0;1.0;95.0;2.0;0.0;0.0;0.0;0.0;0.0;0.0;0.0;0.0;8.0;0.0;415080.063904758;456373.51983175275;0.14206738711731096;0.0;0.0;0.0;0.0;0.0;13.75890410958904;7.098630136986301;14.991780821917809;6.807945205479452;13.475616438356166;55.28219178082192;82.30410958904109;2.173698630136986;0.12;9.183561643835615;0.0116712328767123;3664.334246575343;2.2005479452054795;547
PONTEY;63.0;95.0;126.0;76.0;35.0;70.0;83.0;144.0;82.0;24.0;798.0;1575.35;15.75;50.67;1;2.45;1.48;0.66;0.0;0.0;1.9;10.78;0.33;2.0;1.0;981;4.0;612.0;11961741.0;4053758.0;0.0;8247;9888;780;13.0;8.0;0.0;3.0;2.0;6.0;0.0;2.0;1.0;172;19.0;8.0;145.0;0.0;1288;74.0;253.0;4.0;322.0;11.0;246.0;22.0;205.0;0.0;0.0;16.0;5.0;12.0;39.0;6.0;1938697.304465337;2131564.9429267496;0.6668810289389068;0.0;0.0;0.0;0.0;0.0;15.3013698630137;8.156164383561643;15.383561643835616;8.821369863013699;17.03150684931507;48.46027397260274;83.06849315068493;1.4734246575342465;0.0402739726027397;9.446575342465753;0.0007945205479452;4017.9890410958906;2.3175342465753426;566
PRÉ-SAINT-DIDIER;65.0;97.0;151.0;116.0;35.0;96.0;137.0;164.0;102.0;33.0;996.0;3340.23;33.4;29.82;3;4.7;4.22;4.01;0.0;0.0;6.07;7.07;20.04;4.0;2.0;1075;21.0;781.0;18717272.0;4094015.0;2.0;7573;581;933;16.0;10.0;0.0;3.0;3.0;8.0;0.0;3.0;1.0;146;9.0;7.0;129.0;1.0;1460;57.0;284.0;4.0;368.0;3.0;43.0;0.0;32.0;0.0;2.0;6.0;3.0;10.0;64.0;10.0;2318980.2372643068;2549679.604808535;0.8323477504049512;0.0;0.0;0.0;0.0;0.0;14.827397260273973;8.076712328767123;15.490410958904109;2.748219178082192;11.38958904109589;63.391780821917806;90.33150684931506;2.388219178082192;0.2852054794520547;9.282191780821918;0.000986301369863;3795.531506849315;2.196712328767123;659
QUART;386.0;439.0;663.0;407.0;143.0;408.0;468.0;672.0;431.0;84.0;4101.0;6205.29;62.05;66.09;1;12.18;5.19;4.02;0.0;0.0;19.39;15.03;23.16;15.0;9.0;5208;9.0;3190.0;71857453.0;18756254.0;1.0;37238;35158;4061;70.0;43.0;0.0;15.0;11.0;33.0;0.0;11.0;3.0;1020;105.0;31.0;882.0;2.0;7919;269.0;1234.0;32.0;1666.0;30.0;1248.0;19.0;821.0;0.0;0.0;256.0;11.0;18.0;268.0;16.0;10093653.530043248;11097801.58105837;3.4271667915770134;0.0;0.0;0.0;0.0;2.0;17.41917808219178;10.145205479452056;17.13972602739726;6.891780821917808;16.994246575342466;49.04383561643836;83.92602739726027;1.24;0.0405479452054794;8.150684931506849;0.0015068493150684;3795.276712328767;2.319178082191781;596
RHÊMES-NOTRE-DAME;3.0;6.0;15.0;11.0;2.0;3.0;11.0;13.0;15.0;4.0;83.0;8683.73;86.84;0.96;5;9.73;9.03;3.61;0.0;0.0;4.04;30.56;51.54;0.0;0.0;100;21.0;72.0;1255181.0;540949.0;0.0;856;345;77;1.0;1.0;0.0;0.0;0.0;1.0;0.0;0.0;0.0;12;0.0;1.0;11.0;0.0;117;4.0;28.0;0.0;27.0;0.0;0.0;0.0;0.0;0.0;0.0;0.0;0.0;0.0;7.0;0.0;191384.22108183452;210423.71872482012;0.06936231253374595;0.0;0.0;0.0;0.0;0.0;12.608219178082193;5.975342465753425;13.76986301369863;1.0975342465753426;9.376438356164384;57.24657534246575;86.40273972602739;1.7279452054794522;0.409041095890411;8.997260273972604;5.479452054794521e-05;3545.6931506849314;2.6136986301369864;621
RHÊMES-SAINT-GEORGES;12.0;10.0;30.0;21.0;9.0;12.0;21.0;31.0;15.0;11.0;172.0;3633.9;36.34;4.73;4;6.19;6.11;5.99;0.0;0.0;0.78;10.8;24.62;0.0;0.0;268;7.0;147.0;2627389.0;1017977.0;0.0;1713;1723;170;3.0;2.0;0.0;1.0;0.0;1.0;0.0;0.0;0.0;38;4.0;1.0;33.0;0.0;422;9.0;61.0;0.0;73.0;1.0;77.0;21.0;51.0;0.0;0.0;0.0;1.0;1.0;10.0;1.0;422536.59199885547;464571.8465353172;0.1437387681422205;0.0;0.0;0.0;0.0;0.0;12.545205479452054;6.093150684931507;13.75890410958904;2.782465753424657;12.525205479452056;53.84657534246576;84.9068493150685;1.1726027397260277;0.1443835616438356;8.257534246575343;0.0013972602739726;3833.4849315068495;2.6421917808219177;534
ROISAN;90.0;107.0;181.0;102.0;23.0;85.0;132.0;155.0;119.0;21.0;1015.0;1464.13;14.64;69.33;2;0.61;0.49;0.33;0.0;0.0;5.93;5.53;1.05;0.0;0.0;1011;3.0;784.0;16876581.0;5080656.0;0.0;7249;8097;1003;17.0;11.0;0.0;4.0;3.0;8.0;0.0;3.0;1.0;265;30.0;10.0;225.0;0.0;2256;72.0;234.0;8.0;421.0;8.0;55.0;0.0;46.0;0.0;0.0;0.0;3.0;7.0;79.0;10.0;2492965.8927932475;2740973.8945583715;0.8482258701415919;0.0;0.0;0.0;0.0;0.0;16.232876712328768;9.408219178082192;16.443835616438356;6.572602739726028;16.163561643835617;50.6054794520548;84.36164383561643;1.3082191780821917;0.0441095890410958;8.07945205479452;0.000904109589041;4064.438356164384;2.351780821917808;565
SAINT-CHRISTOPHE;288.0;362.0;545.0;412.0;110.0;313.0;392.0;551.0;402.0;96.0;3471.0;1473.66;14.74;235.48;2;2.08;0.47;0.35;0.0;0.0;3.92;5.45;0.98;8.0;7.0;4203;7.0;2718.0;65043993.0;19909820.0;1.0;31657;28733;3447;60.0;37.0;0.0;13.0;10.0;28.0;0.0;9.0;3.0;803;103.0;30.0;666.0;4.0;6953;227.0;1030.0;24.0;1499.0;32.0;557.0;116.0;374.0;0.0;0.0;34.0;8.0;18.0;231.0;15.0;8567550.78011797;9419877.382395519;2.900681768730508;0.0;0.0;0.0;0.0;1.0;18.32328767123288;10.983561643835616;17.76164383561644;7.294794520547945;16.27780821917808;48.56164383561644;84.2904109589041;1.104109589041096;0.0616438356164383;7.961643835616439;0.0001369863013698;3855.32602739726;2.330410958904109;625
SAINT-DENIS;30.0;35.0;59.0;35.0;21.0;42.0;34.0;64.0;39.0;7.0;366.0;1138.73;11.39;32.13;2;0.42;0.26;0.16;0.0;0.0;7.0;2.71;1.66;0.0;0.0;437;2.0;288.0;5577903.0;1787113.0;0.0;3137;4155;363;6.0;4.0;0.0;1.0;1.0;3.0;0.0;1.0;0.0;70;4.0;7.0;59.0;0.0;623;32.0;112.0;4.0;169.0;12.0;14.0;2.0;9.0;0.0;0.0;2.0;1.0;4.0;26.0;2.0;902239.8993857915;991997.5311312949;0.305862727558446;0.0;0.0;0.0;0.0;0.0;15.723287671232876;8.509589041095891;15.47945205479452;7.049315068493151;15.763013698630138;49.49315068493151;82.64931506849315;1.444109589041096;0.0868493150684931;9.594520547945203;0.0;4022.550684931507;2.422191780821918;581
SAINT-MARCEL;127.0;120.0;224.0;139.0;53.0;128.0;139.0;228.0;124.0;29.0;1311.0;4238.26;42.38;30.93;2;5.46;4.36;2.29;0.0;0.0;3.63;20.52;18.06;1.0;1.0;1423;9.0;980.0;20290857.0;6001879.0;0.0;13655;12025;1308;23.0;14.0;0.0;5.0;4.0;11.0;0.0;4.0;1.0;322;32.0;8.0;282.0;0.0;2826;77.0;408.0;6.0;636.0;11.0;1196.0;14.0;727.0;0.0;0.0;52.0;1.0;21.0;103.0;12.0;3251046.2490264876;3574470.4427540875;1.095590261828204;0.0;0.0;0.0;0.0;0.0;16.87945205479452;9.68219178082192;16.832876712328765;7.725205479452054;16.188767123287672;49.35616438356164;83.66575342465754;1.2049315068493152;0.0824657534246575;8.26027397260274;0.0;3879.767123287672;2.329315068493151;589
SAINT-NICOLAS;27.0;38.0;44.0;29.0;14.0;33.0;28.0;56.0;45.0;6.0;320.0;1545.78;15.46;20.7;4;0.41;0.38;0.34;0.0;0.0;6.36;6.16;2.65;0.0;0.0;403;8.0;258.0;5055816.0;1936622.0;0.0;2831;2217;318;5.0;3.0;0.0;1.0;1.0;3.0;0.0;1.0;0.0;56;9.0;0.0;47.0;0.0;526;27.0;75.0;2.0;147.0;1.0;0.0;0.0;0.0;0.0;0.0;0.0;1.0;2.0;11.0;0.0;790391.9779743297;869022.6305778286;0.2674209639855265;0.0;0.0;0.0;0.0;0.0;16.4986301369863;8.964383561643835;15.863013698630136;4.651780821917808;14.470958904109589;52.50410958904109;85.30410958904109;1.0802739726027395;0.0695890410958904;8.115068493150686;0.0027397260273972;4018.1534246575343;2.447123287671233;591
SAINT-OYEN;13.0;20.0;34.0;30.0;9.0;18.0;20.0;17.0;29.0;4.0;194.0;942.07;9.42;20.59;4;1.44;1.22;0.71;0.0;0.0;0.8;2.83;5.38;0.0;0.0;192;4.0;148.0;3037096.0;1404304.0;0.0;1725;1607;196;3.0;2.0;0.0;1.0;1.0;2.0;0.0;1.0;0.0;36;2.0;1.0;33.0;0.0;372;10.0;47.0;2.0;91.0;1.0;10.0;0.0;10.0;0.0;0.0;0.0;2.0;0.0;14.0;3.0;487159.83548103337;535624.0112995422;0.16212395941622545;0.0;0.0;0.0;0.0;0.0;13.254794520547945;6.695890410958904;14.175342465753424;3.4821917808219176;12.2;56.54794520547945;85.95342465753424;1.3794520547945206;0.1315068493150684;8.621917808219179;0.0004657534246575;3799.572602739726;2.5372602739726027;551
SAINT-PIERRE;278.0;353.0;519.0;350.0;99.0;308.0;343.0;528.0;352.0;90.0;3220.0;2617.76;26.18;122.99;2;2.43;1.3;0.76;0.0;0.0;15.43;5.74;2.25;1.0;1.0;3576;18.0;2495.0;52342652.0;15836529.0;1.0;28451;21967;3233;56.0;35.0;0.0;12.0;9.0;26.0;0.0;9.0;2.0;754;68.0;22.0;660.0;4.0;6107;227.0;938.0;25.0;1473.0;19.0;417.0;12.0;340.0;0.0;0.0;2.0;9.0;29.0;204.0;19.0;8035651.776072351;8835063.41087459;2.6909234501043606;1.0;0.0;125.0;2.0;1.0;19.523287671232875;11.468493150684932;17.93972602739726;7.197808219178082;15.367123287671232;49.72054794520548;84.83835616438355;1.0495890410958906;0.0723287671232876;7.747945205479452;0.0008219178082191;4010.457534246576;2.297808219178082;646
SAINT-RHÉMY-EN-BOSSES;26.0;25.0;49.0;38.0;18.0;23.0;43.0;64.0;37.0;10.0;333.0;6487.8;64.88;5.13;5;5.97;5.5;3.89;0.0;0.0;10.86;27.24;26.63;0.0;0.0;328;11.0;263.0;6150614.0;2129184.0;0.0;2624;2749;298;5.0;3.0;0.0;1.0;1.0;2.0;0.0;1.0;0.0;84;8.0;1.0;75.0;0.0;539;28.0;85.0;0.0;137.0;1.0;0.0;0.0;0.0;0.0;0.0;0.0;1.0;6.0;23.0;0.0;740681.7906803467;814367.1192207324;0.27828494064743853;0.0;0.0;0.0;0.0;0.0;12.528767123287672;6.273972602739726;13.69041095890411;2.9487671232876718;11.498630136986302;58.23835616438356;86.74794520547945;1.4454794520547949;0.1706849315068493;8.76986301369863;0.0048493150684931;3707.230136986301;2.5312328767123287;560
SAINT-VINCENT;310.0;432.0;720.0;590.0;254.0;322.0;460.0;725.0;506.0;146.0;4465.0;2057.24;20.57;217.06;1;2.12;0.93;0.47;0.0;0.0;9.11;6.98;4.39;10.0;6.0;4714;32.0;3570.0;74901481.0;26728025.0;1.0;49066;51145;4396;76.0;47.0;0.0;16.0;12.0;36.0;0.0;12.0;3.0;912;92.0;33.0;780.0;7.0;8761;365.0;1373.0;36.0;2264.0;42.0;2829.0;144.0;1756.0;0.0;0.0;63.0;13.0;42.0;311.0;25.0;10926299.167217463;12013281.39628973;3.73135813811055;0.0;0.0;0.0;0.0;2.0;17.471232876712328;10.183561643835615;17.035616438356165;8.25041095890411;16.36328767123288;49.38904109589041;82.92054794520548;1.6813698630136988;0.0608219178082191;9.923287671232876;0.0024931506849315;4183.257534246575;2.318356164383562;652
SARRE;426.0;492.0;819.0;542.0;204.0;397.0;514.0;766.0;513.0;120.0;4793.0;2828.14;28.28;169.48;2;1.66;0.82;0.7;0.0;0.0;6.68;13.77;6.61;18.0;14.0;5162;19.0;3741.0;83188343.0;25522579.0;1.0;42368;46040;4729;82.0;51.0;0.0;18.0;13.0;38.0;0.0;13.0;4.0;1179;123.0;28.0;1021.0;7.0;10124;338.0;1531.0;40.0;2150.0;54.0;1291.0;80.0;1109.0;0.0;0.0;44.0;15.0;41.0;343.0;28.0;11753973.785662279;12923295.660385381;4.005464626195715;0.0;0.0;0.0;0.0;2.0;20.04109589041096;12.0986301369863;18.484931506849318;7.147397260273973;16.747671232876712;48.73972602739726;84.38630136986302;1.0446575342465754;0.0364383561643835;7.745205479452054;0.0073150684931506;4029.594520547945;2.3164383561643835;664
TORGNON;44.0;65.0;75.0;51.0;23.0;55.0;58.0;85.0;74.0;25.0;555.0;4246.35;42.46;13.07;4;2.71;2.13;1.86;0.0;0.0;11.01;11.15;14.7;0.0;0.0;599;20.0;451.0;8633542.0;3001992.0;0.0;4698;5954;526;9.0;6.0;0.0;2.0;1.0;4.0;0.0;1.0;0.0;92;9.0;5.0;77.0;1.0;955;37.0;132.0;6.0;281.0;5.0;131.0;4.0;121.0;0.0;0.0;0.0;2.0;3.0;27.0;4.0;1307377.9258317526;1437439.9486916284;0.46380823441239755;0.0;0.0;0.0;0.0;0.0;12.23013698630137;5.780821917808219;13.057534246575342;2.839452054794521;11.682739726027396;51.46027397260274;81.9945205479452;1.449041095890411;0.2156164383561644;10.794520547945206;0.0004657534246575;4171.764383561644;2.451506849315068;591
VALGRISENCHE;8.0;14.0;25.0;19.0;16.0;18.0;20.0;34.0;34.0;4.0;192.0;11347.74;113.48;1.69;5;10.36;10.23;9.93;0.0;0.0;15.04;40.55;57.09;0.0;0.0;189;17.0;166.0;2858878.0;1181500.0;0.0;1517;1699;182;3.0;2.0;0.0;1.0;1.0;1.0;0.0;0.0;0.0;31;3.0;1.0;27.0;0.0;347;16.0;49.0;1.0;92.0;1.0;0.0;0.0;0.0;0.0;0.0;0.0;2.0;1.0;9.0;0.0;452362.70437524526;497365.15334957483;0.1604525783913159;0.0;0.0;0.0;0.0;0.0;12.252054794520548;5.728767123287671;13.35890410958904;0.924109589041096;9.36054794520548;57.86027397260274;86.52876712328766;1.5484931506849315;0.3597260273972603;9.224657534246576;0.0017808219178082;3655.835616438356;2.636712328767123;597
VALPELLINE;41.0;50.0;93.0;59.0;32.0;48.0;78.0;106.0;67.0;20.0;594.0;3144.72;31.45;18.89;3;2.07;1.51;0.69;0.0;0.0;3.86;15.98;10.5;0.0;0.0;667;6.0;474.0;9963160.0;2916415.0;1.0;4886;5022;599;10.0;6.0;0.0;2.0;2.0;5.0;0.0;2.0;0.0;148;18.0;3.0;127.0;0.0;1180;49.0;165.0;5.0;296.0;3.0;139.0;0.0;102.0;0.0;0.0;0.0;2.0;7.0;42.0;2.0;1488820.1094547908;1636932.5651450292;0.4964001643981336;0.0;0.0;0.0;0.0;0.0;13.32054794520548;6.876712328767123;14.394520547945206;4.875342465753425;13.798904109589042;53.63835616438356;84.47945205479452;1.510958904109589;0.1172602739726027;8.443835616438356;0.0013150684931506;3957.33698630137;2.430958904109589;524
VALSAVARENCHE;11.0;16.0;23.0;23.0;10.0;10.0;12.0;29.0;26.0;8.0;168.0;13821.05;138.21;1.22;5;11.84;10.27;5.03;0.0;0.0;7.76;52.25;77.74;0.0;0.0;202;21.0;140.0;2940612.0;1114347.0;0.0;1418;1191;160;3.0;2.0;0.0;1.0;0.0;1.0;0.0;0.0;0.0;36;2.0;3.0;31.0;0.0;364;16.0;46.0;1.0;84.0;0.0;0.0;0.0;0.0;0.0;0.0;0.0;0.0;2.0;14.0;2.0;397681.498351864;437244.0908567691;0.14039600609240144;0.0;0.0;0.0;0.0;0.0;12.306849315068494;5.808219178082192;13.64931506849315;1.986849315068493;10.187671232876712;54.0027397260274;84.31506849315069;1.4460273972602735;0.2698630136986301;8.556164383561644;0.0011232876712328;3681.704109589041;2.501095890410959;560
VALTOURNENCHE;175.0;251.0;369.0;217.0;75.0;192.0;298.0;397.0;253.0;46.0;2273.0;11615.18;116.15;19.57;5;5.88;5.33;4.04;0.0;0.0;20.66;54.26;31.89;6.0;4.0;2469;124.0;1800.0;37286931.0;9097458.0;2.0;13815;19942;2069;36.0;22.0;0.0;8.0;6.0;17.0;0.0;6.0;2.0;347;34.0;16.0;296.0;1.0;3356;110.0;485.0;14.0;711.0;11.0;95.0;22.0;72.0;0.0;0.0;0.0;5.0;16.0;115.0;12.0;5142518.875562541;5654112.649891595;1.8995245348096932;0.0;0.0;0.0;0.0;1.0;14.263013698630138;6.780821917808219;13.695890410958905;0.2438356164383561;7.947671232876712;55.42191780821918;83.75616438356164;1.881095890410959;0.4797260273972603;10.684931506849315;0.0005479452054794;3481.2849315068493;2.5104109589041093;634
VERRAYES;97.0;113.0;194.0;157.0;67.0;125.0;125.0;206.0;144.0;39.0;1267.0;2235.5;22.36;56.66;3;2.01;1.4;0.94;0.0;0.0;10.35;9.55;2.44;4.0;4.0;1426;13.0;1014.0;18773377.0;6451174.0;0.0;11239;15747;1254;22.0;13.0;0.0;5.0;4.0;10.0;0.0;3.0;1.0;315;26.0;15.0;274.0;0.0;2680;118.0;330.0;12.0;685.0;17.0;484.0;55.0;326.0;0.0;0.0;0.0;4.0;11.0;113.0;9.0;3116828.743332734;3426900.562089928;1.058819879280194;0.0;0.0;0.0;0.0;0.0;15.142465753424656;8.26849315068493;15.567123287671231;6.13890410958904;16.215068493150685;50.01917808219178;83.24109589041096;1.3054794520547943;0.0624657534246575;8.936986301369863;0.001945205479452;3968.476712328767;2.426849315068493;545
VERRÈS;197.0;238.0;388.0;344.0;149.0;213.0;274.0;419.0;286.0;82.0;2590.0;836.08;8.36;309.81;1;2.58;1.56;1.12;0.0;0.0;1.18;2.87;1.41;12.0;5.0;2533;6.0;2010.0;37921885.0;14264854.0;1.0;34372;28974;2581;45.0;28.0;0.0;10.0;7.0;21.0;0.0;7.0;2.0;480;52.0;17.0;409.0;2.0;4856;250.0;845.0;22.0;1508.0;37.0;4602.0;127.0;1970.0;0.0;0.0;125.0;9.0;35.0;178.0;25.0;6415099.670288506;7053293.740633256;2.1644384272578554;0.0;0.0;0.0;0.0;1.0;19.83835616438356;12.284931506849317;19.42465753424657;9.009315068493152;17.50191780821918;52.56438356164384;82.83287671232877;2.0904109589041098;0.0380821917808219;8.972602739726028;0.0042191780821917;4051.939726027397;2.3073972602739725;688
VILLENEUVE;78.0;131.0;207.0;127.0;47.0;120.0;158.0;214.0;130.0;35.0;1247.0;879.81;8.8;141.7;2;0.93;0.52;0.38;0.0;0.0;0.19;0.04;0.06;1.0;1.0;1392;5.0;995.0;19488391.0;5606720.0;1.0;10287;9329;1241;21.0;13.0;0.0;5.0;3.0;10.0;0.0;3.0;1.0;228;16.0;10.0;201.0;1.0;2484;69.0;326.0;6.0;531.0;8.0;57.0;28.0;27.0;0.0;0.0;0.0;3.0;14.0;91.0;7.0;3084517.1215916453;3391374.479707815;1.0421060690310988;0.0;0.0;0.0;0.0;0.0;15.947945205479453;8.501369863013698;15.73150684931507;6.698630136986301;16.30164383561644;50.19178082191781;85.05753424657534;1.0367123287671232;0.0454794520547945;7.764383561643836;0.0022191780821917;3998.731506849315;2.428219178082192;552
ÉMARÈSE;21.0;22.0;30.0;28.0;7.0;18.0;29.0;34.0;25.0;6.0;220.0;1023.31;10.23;21.51;3;0.73;0.15;0.07;0.0;0.0;2.16;5.99;1.94;1.0;1.0;233;3.0;171.0;3214294.0;888718.0;0.0;1953;2023;216;4.0;2.0;0.0;1.0;1.0;2.0;0.0;1.0;0.0;49;5.0;2.0;42.0;0.0;384;11.0;56.0;1.0;119.0;3.0;0.0;0.0;0.0;0.0;0.0;0.0;1.0;1.0;13.0;0.0;536870.0227750164;590279.5226566383;0.18385191274004947;0.0;0.0;0.0;0.0;0.0;11.164383561643836;5.057534246575343;12.810958904109588;4.750958904109589;12.632054794520547;52.75342465753425;81.31232876712329;1.9756164383561643;0.1652054794520548;10.178082191780822;0.0042465753424657;4084.246575342466;2.321095890410959;537
